SRC_IP,DST_IP,SRC_PORT,DST_PORT,PROTOCOL,TOS,TIMESTAMP_START,TIMESTAMP_END,PACKETS,BYTES
192.168.64.1,224.0.0.251,5353,5353,udp,0,2022-02-08 15:33:13.663089,2022-02-08 15:33:13.663089,1,522
fe80::f84d:89ff:fe09:264,ff02::fb,5353,5353,udp,0,2022-02-08 15:33:13.663089,2022-02-08 15:33:13.663089,1,542
fe80::f84d:89ff:fe09:264,ff02::1,0,34304,ipv6-icmp,0,2022-02-08 15:33:32.041053,2022-02-08 15:33:32.041053,1,128
fe80::6c16:86ff:fe17:3d8e,ff02::16,0,36608,ipv6-icmp,0,2022-02-08 15:33:32.051505,2022-02-08 15:33:32.051505,1,96
fe80::6c16:86ff:fe17:3d8e,ff02::16,0,36608,ipv6-icmp,0,2022-02-08 15:33:32.672784,2022-02-08 15:33:32.672784,1,96
fe80::f84d:89ff:fe09:264,ff02::1,0,34304,ipv6-icmp,0,2022-02-08 15:34:47.082069,2022-02-08 15:34:47.082069,1,128
fe80::6c16:86ff:fe17:3d8e,ff02::16,0,36608,ipv6-icmp,0,2022-02-08 15:34:47.095365,2022-02-08 15:34:47.095365,1,96
fe80::6c16:86ff:fe17:3d8e,ff02::16,0,36608,ipv6-icmp,0,2022-02-08 15:34:47.267480,2022-02-08 15:34:47.267480,1,96
192.168.64.1,224.0.0.251,5353,5353,udp,0,2022-02-08 15:35:31.801444,2022-02-08 15:35:31.801444,1,138
fe80::f84d:89ff:fe09:264,ff02::fb,5353,5353,udp,0,2022-02-08 15:35:31.802921,2022-02-08 15:35:31.802921,1,158
192.168.64.1,224.0.0.251,5353,5353,udp,0,2022-02-08 15:35:33.003542,2022-02-08 15:35:33.003542,1,138
fe80::f84d:89ff:fe09:264,ff02::fb,5353,5353,udp,0,2022-02-08 15:35:33.003543,2022-02-08 15:35:33.003543,1,158
192.168.64.1,192.168.64.255,137,137,udp,0,2022-02-08 15:35:33.967654,2022-02-08 15:35:33.967654,1,96
192.168.64.1,224.0.0.251,5353,5353,udp,0,2022-02-08 15:35:38.994799,2022-02-08 15:35:38.994799,1,290
fe80::f84d:89ff:fe09:264,ff02::fb,5353,5353,udp,0,2022-02-08 15:35:38.994800,2022-02-08 15:35:38.994800,1,310
192.168.64.3,91.189.94.4,38582,123,udp,16,2022-02-08 15:35:39.776212,2022-02-08 15:35:39.776212,1,76
91.189.94.4,192.168.64.3,123,38582,udp,24,2022-02-08 15:35:39.914961,2022-02-08 15:35:39.914961,1,76
192.168.64.1,224.0.0.251,5353,5353,udp,0,2022-02-08 15:35:41.134879,2022-02-08 15:35:41.134879,1,645
fe80::f84d:89ff:fe09:264,ff02::fb,5353,5353,udp,0,2022-02-08 15:35:41.134879,2022-02-08 15:35:41.134879,1,665
192.168.64.1,224.0.0.251,5353,5353,udp,0,2022-02-08 15:35:41.135383,2022-02-08 15:35:41.135383,1,415
fe80::f84d:89ff:fe09:264,ff02::fb,5353,5353,udp,0,2022-02-08 15:35:41.135384,2022-02-08 15:35:41.135384,1,435
192.168.64.1,192.168.64.255,137,137,udp,0,2022-02-08 15:35:41.194001,2022-02-08 15:35:41.194001,2,174
192.168.64.1,224.0.0.251,5353,5353,udp,0,2022-02-08 15:35:41.408620,2022-02-08 15:35:41.408620,1,286
fe80::f84d:89ff:fe09:264,ff02::fb,5353,5353,udp,0,2022-02-08 15:35:41.408620,2022-02-08 15:35:41.408620,1,306
192.168.64.1,224.0.0.251,5353,5353,udp,0,2022-02-08 15:35:41.638921,2022-02-08 15:35:41.638921,1,171
fe80::f84d:89ff:fe09:264,ff02::fb,5353,5353,udp,0,2022-02-08 15:35:41.638921,2022-02-08 15:35:41.638921,1,191
192.168.64.1,224.0.0.251,5353,5353,udp,0,2022-02-08 15:35:41.738796,2022-02-08 15:35:41.738796,1,286
fe80::f84d:89ff:fe09:264,ff02::fb,5353,5353,udp,0,2022-02-08 15:35:41.738797,2022-02-08 15:35:41.738797,1,306
192.168.64.1,224.0.0.251,5353,5353,udp,0,2022-02-08 15:35:41.888549,2022-02-08 15:35:41.888549,1,171
fe80::f84d:89ff:fe09:264,ff02::fb,5353,5353,udp,0,2022-02-08 15:35:41.888550,2022-02-08 15:35:41.888550,1,191
192.168.64.1,224.0.0.251,5353,5353,udp,0,2022-02-08 15:35:41.989328,2022-02-08 15:35:41.989328,1,1216
fe80::f84d:89ff:fe09:264,ff02::fb,5353,5353,udp,0,2022-02-08 15:35:41.989329,2022-02-08 15:35:41.989329,1,1236
192.168.64.1,224.0.0.251,5353,5353,udp,0,2022-02-08 15:35:42.137207,2022-02-08 15:35:42.137207,1,566
fe80::f84d:89ff:fe09:264,ff02::fb,5353,5353,udp,0,2022-02-08 15:35:42.137207,2022-02-08 15:35:42.137207,1,586
192.168.64.1,224.0.0.251,5353,5353,udp,0,2022-02-08 15:35:42.137762,2022-02-08 15:35:42.137762,1,415
fe80::f84d:89ff:fe09:264,ff02::fb,5353,5353,udp,0,2022-02-08 15:35:42.137762,2022-02-08 15:35:42.137762,1,435
192.168.64.1,224.0.0.251,5353,5353,udp,0,2022-02-08 15:35:42.244400,2022-02-08 15:35:42.244400,1,171
fe80::f84d:89ff:fe09:264,ff02::fb,5353,5353,udp,0,2022-02-08 15:35:42.244400,2022-02-08 15:35:42.244400,1,191
192.168.64.1,224.0.0.251,5353,5353,udp,0,2022-02-08 15:35:42.494699,2022-02-08 15:35:42.494699,1,185
fe80::f84d:89ff:fe09:264,ff02::fb,5353,5353,udp,0,2022-02-08 15:35:42.494700,2022-02-08 15:35:42.494700,1,205
192.168.64.1,192.168.64.255,137,137,udp,0,2022-02-08 15:35:42.699193,2022-02-08 15:35:42.699193,1,78
192.168.64.1,192.168.64.255,137,137,udp,0,2022-02-08 15:35:42.700088,2022-02-08 15:35:42.700088,1,96
192.168.64.1,192.168.64.255,137,137,udp,0,2022-02-08 15:35:42.700224,2022-02-08 15:35:42.700224,1,78
192.168.64.1,224.0.0.251,5353,5353,udp,0,2022-02-08 15:35:42.989513,2022-02-08 15:35:42.989513,1,1216
fe80::f84d:89ff:fe09:264,ff02::fb,5353,5353,udp,0,2022-02-08 15:35:42.989513,2022-02-08 15:35:42.989513,1,1236
192.168.64.1,224.0.0.251,5353,5353,udp,0,2022-02-08 15:35:43.498002,2022-02-08 15:35:43.498002,1,185
fe80::f84d:89ff:fe09:264,ff02::fb,5353,5353,udp,0,2022-02-08 15:35:43.498003,2022-02-08 15:35:43.498003,1,205
192.168.64.1,224.0.0.251,5353,5353,udp,0,2022-02-08 15:35:44.140886,2022-02-08 15:35:44.140886,1,1477
fe80::f84d:89ff:fe09:264,ff02::fb,5353,5353,udp,0,2022-02-08 15:35:44.140886,2022-02-08 15:35:44.140886,1,1497
192.168.64.1,192.168.64.255,137,137,udp,0,2022-02-08 15:35:44.205265,2022-02-08 15:35:44.205265,1,78
192.168.64.1,192.168.64.255,137,137,udp,0,2022-02-08 15:35:44.205362,2022-02-08 15:35:44.205362,1,78
192.168.64.1,224.0.0.251,5353,5353,udp,0,2022-02-08 15:35:45.145273,2022-02-08 15:35:45.145273,1,566
fe80::f84d:89ff:fe09:264,ff02::fb,5353,5353,udp,0,2022-02-08 15:35:45.145273,2022-02-08 15:35:45.145273,1,586
192.168.64.1,224.0.0.251,5353,5353,udp,0,2022-02-08 15:35:45.499914,2022-02-08 15:35:45.499914,1,185
fe80::f84d:89ff:fe09:264,ff02::fb,5353,5353,udp,0,2022-02-08 15:35:45.499915,2022-02-08 15:35:45.499915,1,205
192.168.64.1,192.168.64.255,137,137,udp,0,2022-02-08 15:35:45.705906,2022-02-08 15:35:45.705906,1,96
192.168.64.1,192.168.64.255,137,137,udp,0,2022-02-08 15:35:45.706574,2022-02-08 15:35:45.706574,1,78
192.168.64.1,192.168.64.255,137,137,udp,0,2022-02-08 15:35:47.204940,2022-02-08 15:35:47.204940,1,96
192.168.64.1,224.0.0.251,5353,5353,udp,0,2022-02-08 15:35:48.140075,2022-02-08 15:35:48.140075,1,1471
fe80::f84d:89ff:fe09:264,ff02::fb,5353,5353,udp,0,2022-02-08 15:35:48.140075,2022-02-08 15:35:48.140075,1,1491
192.168.64.1,192.168.64.255,137,137,udp,0,2022-02-08 15:35:48.704256,2022-02-08 15:35:48.704256,1,96
192.168.64.1,224.0.0.251,5353,5353,udp,0,2022-02-08 15:35:54.164303,2022-02-08 15:35:54.164303,1,551
fe80::f84d:89ff:fe09:264,ff02::fb,5353,5353,udp,0,2022-02-08 15:35:54.164304,2022-02-08 15:35:54.164304,1,571
192.168.64.1,224.0.0.251,5353,5353,udp,0,2022-02-08 15:36:14.369544,2022-02-08 15:36:14.369544,1,654
fe80::f84d:89ff:fe09:264,ff02::fb,5353,5353,udp,0,2022-02-08 15:36:14.369545,2022-02-08 15:36:14.369545,1,674
192.168.64.1,224.0.0.251,5353,5353,udp,0,2022-02-08 15:36:14.369791,2022-02-08 15:36:14.369791,1,145
fe80::f84d:89ff:fe09:264,ff02::fb,5353,5353,udp,0,2022-02-08 15:36:14.369871,2022-02-08 15:36:14.369871,1,165
192.168.64.1,224.0.0.251,5353,5353,udp,0,2022-02-08 15:36:14.619124,2022-02-08 15:36:14.619124,1,286
fe80::f84d:89ff:fe09:264,ff02::fb,5353,5353,udp,0,2022-02-08 15:36:14.619125,2022-02-08 15:36:14.619125,1,306
192.168.64.1,224.0.0.251,5353,5353,udp,0,2022-02-08 15:36:14.871693,2022-02-08 15:36:14.871693,1,286
fe80::f84d:89ff:fe09:264,ff02::fb,5353,5353,udp,0,2022-02-08 15:36:14.872494,2022-02-08 15:36:14.872494,1,306
192.168.64.1,224.0.0.251,5353,5353,udp,0,2022-02-08 15:36:15.122571,2022-02-08 15:36:15.122571,1,1308
fe80::f84d:89ff:fe09:264,ff02::fb,5353,5353,udp,0,2022-02-08 15:36:15.122571,2022-02-08 15:36:15.122571,1,1328
192.168.64.1,224.0.0.251,5353,5353,udp,0,2022-02-08 15:36:15.368702,2022-02-08 15:36:15.368702,1,145
fe80::f84d:89ff:fe09:264,ff02::fb,5353,5353,udp,0,2022-02-08 15:36:15.368703,2022-02-08 15:36:15.368703,1,165
192.168.64.1,224.0.0.251,5353,5353,udp,0,2022-02-08 15:36:15.370135,2022-02-08 15:36:15.370135,1,551
fe80::f84d:89ff:fe09:264,ff02::fb,5353,5353,udp,0,2022-02-08 15:36:15.370135,2022-02-08 15:36:15.370135,1,571
192.168.64.1,224.0.0.251,5353,5353,udp,0,2022-02-08 15:36:16.123696,2022-02-08 15:36:16.123696,1,1308
fe80::f84d:89ff:fe09:264,ff02::fb,5353,5353,udp,0,2022-02-08 15:36:16.123696,2022-02-08 15:36:16.123696,1,1328
192.168.64.1,224.0.0.251,5353,5353,udp,0,2022-02-08 15:36:17.373267,2022-02-08 15:36:17.373267,1,1336
fe80::f84d:89ff:fe09:264,ff02::fb,5353,5353,udp,0,2022-02-08 15:36:17.373365,2022-02-08 15:36:17.373365,1,1356
192.168.64.1,224.0.0.251,5353,5353,udp,0,2022-02-08 15:36:18.378862,2022-02-08 15:36:18.378862,1,551
fe80::f84d:89ff:fe09:264,ff02::fb,5353,5353,udp,0,2022-02-08 15:36:18.378863,2022-02-08 15:36:18.378863,1,571
192.168.64.1,224.0.0.251,5353,5353,udp,0,2022-02-08 15:36:21.372842,2022-02-08 15:36:21.372842,1,1336
fe80::f84d:89ff:fe09:264,ff02::fb,5353,5353,udp,0,2022-02-08 15:36:21.372842,2022-02-08 15:36:21.372842,1,1356
192.168.64.1,224.0.0.251,5353,5353,udp,0,2022-02-08 15:36:27.397846,2022-02-08 15:36:27.397846,1,551
fe80::f84d:89ff:fe09:264,ff02::fb,5353,5353,udp,0,2022-02-08 15:36:27.397848,2022-02-08 15:36:27.397848,1,571
fe80::f84d:89ff:fe09:264,ff02::1,0,34304,ipv6-icmp,0,2022-02-08 15:36:52.152988,2022-02-08 15:36:52.152988,1,128
fe80::6c16:86ff:fe17:3d8e,ff02::16,0,36608,ipv6-icmp,0,2022-02-08 15:36:52.163293,2022-02-08 15:36:52.163293,1,96
fe80::6c16:86ff:fe17:3d8e,ff02::16,0,36608,ipv6-icmp,0,2022-02-08 15:36:52.926919,2022-02-08 15:36:52.926919,1,96
192.168.64.1,224.0.0.251,5353,5353,udp,0,2022-02-08 15:36:54.451322,2022-02-08 15:36:54.451322,1,551
fe80::f84d:89ff:fe09:264,ff02::fb,5353,5353,udp,0,2022-02-08 15:36:54.451323,2022-02-08 15:36:54.451323,1,571
fd56:4e58:591f:1916:6c16:86ff:fe17:3d8e,ff02::fb,5353,5353,udp,0,2022-02-08 15:37:15.299394,2022-02-08 15:37:15.299394,1,93
192.168.64.3,224.0.0.251,5353,5353,udp,0,2022-02-08 15:37:15.299607,2022-02-08 15:37:15.299607,1,73
192.168.64.1,224.0.0.251,5353,5353,udp,0,2022-02-08 15:37:42.380279,2022-02-08 15:37:42.380279,1,499
fe80::f84d:89ff:fe09:264,ff02::fb,5353,5353,udp,0,2022-02-08 15:37:42.380280,2022-02-08 15:37:42.380280,1,519
fe80::f84d:89ff:fe09:264,ff02::fb,5353,5353,udp,0,2022-02-08 15:37:58.350893,2022-02-08 15:37:58.350893,1,158
192.168.64.1,224.0.0.251,5353,5353,udp,0,2022-02-08 15:37:58.350901,2022-02-08 15:37:58.350901,1,138
fe80::f84d:89ff:fe09:264,ff02::1,0,34304,ipv6-icmp,0,2022-02-08 15:38:08.160572,2022-02-08 15:38:08.160572,1,128
fe80::6c16:86ff:fe17:3d8e,ff02::16,0,36608,ipv6-icmp,0,2022-02-08 15:38:08.171274,2022-02-08 15:38:08.171274,1,96
fe80::6c16:86ff:fe17:3d8e,ff02::16,0,36608,ipv6-icmp,0,2022-02-08 15:38:08.705728,2022-02-08 15:38:08.705728,1,96
fe80::f84d:89ff:fe09:264,ff02::1,0,34304,ipv6-icmp,0,2022-02-08 15:38:57.203622,2022-02-08 15:38:57.203622,1,128
fe80::6c16:86ff:fe17:3d8e,ff02::16,0,36608,ipv6-icmp,0,2022-02-08 15:38:57.219872,2022-02-08 15:38:57.219872,1,96
192.168.64.1,192.168.64.255,137,137,udp,0,2022-02-08 15:38:57.250125,2022-02-08 15:38:57.250125,1,96
fe80::6c16:86ff:fe17:3d8e,ff02::16,0,36608,ipv6-icmp,0,2022-02-08 15:38:57.732386,2022-02-08 15:38:57.732386,1,96
192.168.64.1,224.0.0.251,5353,5353,udp,0,2022-02-08 15:39:02.263878,2022-02-08 15:39:02.263878,1,290
fe80::f84d:89ff:fe09:264,ff02::fb,5353,5353,udp,0,2022-02-08 15:39:02.263878,2022-02-08 15:39:02.263878,1,310
192.168.64.1,224.0.0.251,5353,5353,udp,0,2022-02-08 15:39:04.400927,2022-02-08 15:39:04.400927,1,645
fe80::f84d:89ff:fe09:264,ff02::fb,5353,5353,udp,0,2022-02-08 15:39:04.400928,2022-02-08 15:39:04.400928,1,665
192.168.64.1,224.0.0.251,5353,5353,udp,0,2022-02-08 15:39:04.401298,2022-02-08 15:39:04.401298,1,415
fe80::f84d:89ff:fe09:264,ff02::fb,5353,5353,udp,0,2022-02-08 15:39:04.401298,2022-02-08 15:39:04.401298,1,435
192.168.64.1,192.168.64.255,137,137,udp,0,2022-02-08 15:39:04.426460,2022-02-08 15:39:04.426460,1,78
192.168.64.1,192.168.64.255,137,137,udp,0,2022-02-08 15:39:04.432708,2022-02-08 15:39:04.432708,1,96
192.168.64.1,224.0.0.251,5353,5353,udp,0,2022-02-08 15:39:04.651948,2022-02-08 15:39:04.651948,1,286
fe80::f84d:89ff:fe09:264,ff02::fb,5353,5353,udp,0,2022-02-08 15:39:04.651948,2022-02-08 15:39:04.651948,1,306
fe80::f84d:89ff:fe09:264,ff02::16,0,36608,ipv6-icmp,0,2022-02-08 15:39:04.850711,2022-02-08 15:39:04.850711,1,76
192.168.64.1,224.0.0.251,5353,5353,udp,0,2022-02-08 15:39:04.900974,2022-02-08 15:39:04.900974,1,171
fe80::f84d:89ff:fe09:264,ff02::fb,5353,5353,udp,0,2022-02-08 15:39:04.901406,2022-02-08 15:39:04.901406,1,191
192.168.64.1,224.0.0.251,5353,5353,udp,0,2022-02-08 15:39:05.000531,2022-02-08 15:39:05.000531,1,286
fe80::f84d:89ff:fe09:264,ff02::fb,5353,5353,udp,0,2022-02-08 15:39:05.000531,2022-02-08 15:39:05.000531,1,306
192.168.64.1,224.0.0.251,5353,5353,udp,0,2022-02-08 15:39:05.150159,2022-02-08 15:39:05.150159,1,171
fe80::f84d:89ff:fe09:264,ff02::fb,5353,5353,udp,0,2022-02-08 15:39:05.150160,2022-02-08 15:39:05.150160,1,191
192.168.64.1,224.0.0.251,5353,5353,udp,0,2022-02-08 15:39:05.251900,2022-02-08 15:39:05.251900,1,1216
fe80::f84d:89ff:fe09:264,ff02::fb,5353,5353,udp,0,2022-02-08 15:39:05.252361,2022-02-08 15:39:05.252361,1,1236
192.168.64.1,224.0.0.251,5353,5353,udp,0,2022-02-08 15:39:05.400322,2022-02-08 15:39:05.400322,1,171
fe80::f84d:89ff:fe09:264,ff02::fb,5353,5353,udp,0,2022-02-08 15:39:05.400322,2022-02-08 15:39:05.400322,1,191
192.168.64.1,224.0.0.251,5353,5353,udp,0,2022-02-08 15:39:05.400823,2022-02-08 15:39:05.400823,1,415
fe80::f84d:89ff:fe09:264,ff02::fb,5353,5353,udp,0,2022-02-08 15:39:05.400823,2022-02-08 15:39:05.400823,1,435
192.168.64.1,224.0.0.251,5353,5353,udp,0,2022-02-08 15:39:05.501905,2022-02-08 15:39:05.501905,1,566
fe80::f84d:89ff:fe09:264,ff02::fb,5353,5353,udp,0,2022-02-08 15:39:05.501905,2022-02-08 15:39:05.501905,1,586
192.168.64.1,224.0.0.251,5353,5353,udp,0,2022-02-08 15:39:05.651550,2022-02-08 15:39:05.651550,1,185
fe80::f84d:89ff:fe09:264,ff02::fb,5353,5353,udp,0,2022-02-08 15:39:05.651550,2022-02-08 15:39:05.651550,1,205
fe80::f84d:89ff:fe09:264,ff02::16,0,36608,ipv6-icmp,0,2022-02-08 15:39:05.852039,2022-02-08 15:39:05.852039,1,76
192.168.64.1,192.168.64.255,137,137,udp,0,2022-02-08 15:39:05.934078,2022-02-08 15:39:05.934078,1,78
192.168.64.1,192.168.64.255,137,137,udp,0,2022-02-08 15:39:05.934445,2022-02-08 15:39:05.934445,1,96
192.168.64.1,192.168.64.255,137,137,udp,0,2022-02-08 15:39:05.934621,2022-02-08 15:39:05.934621,1,78
192.168.64.1,224.0.0.251,5353,5353,udp,0,2022-02-08 15:39:06.252942,2022-02-08 15:39:06.252942,1,1308
fe80::f84d:89ff:fe09:264,ff02::fb,5353,5353,udp,0,2022-02-08 15:39:06.252944,2022-02-08 15:39:06.252944,1,1328
192.168.64.1,224.0.0.251,5353,5353,udp,0,2022-02-08 15:39:07.405566,2022-02-08 15:39:07.405566,1,1471
fe80::f84d:89ff:fe09:264,ff02::fb,5353,5353,udp,0,2022-02-08 15:39:07.405568,2022-02-08 15:39:07.405568,1,1491
192.168.64.1,192.168.64.255,137,137,udp,0,2022-02-08 15:39:07.435387,2022-02-08 15:39:07.435387,1,78
192.168.64.1,192.168.64.255,137,137,udp,0,2022-02-08 15:39:07.435388,2022-02-08 15:39:07.435388,1,78
192.168.64.1,224.0.0.251,5353,5353,udp,0,2022-02-08 15:39:08.508357,2022-02-08 15:39:08.508357,1,566
fe80::f84d:89ff:fe09:264,ff02::fb,5353,5353,udp,0,2022-02-08 15:39:08.508357,2022-02-08 15:39:08.508357,1,586
192.168.64.1,192.168.64.255,137,137,udp,0,2022-02-08 15:39:08.935441,2022-02-08 15:39:08.935441,1,96
192.168.64.1,192.168.64.255,137,137,udp,0,2022-02-08 15:39:08.935442,2022-02-08 15:39:08.935442,1,78
192.168.64.1,192.168.64.255,137,137,udp,0,2022-02-08 15:39:10.435029,2022-02-08 15:39:10.435029,1,96
192.168.64.1,224.0.0.251,5353,5353,udp,0,2022-02-08 15:39:11.407138,2022-02-08 15:39:11.407138,1,1471
fe80::f84d:89ff:fe09:264,ff02::fb,5353,5353,udp,0,2022-02-08 15:39:11.407139,2022-02-08 15:39:11.407139,1,1491
192.168.64.1,192.168.64.255,137,137,udp,0,2022-02-08 15:39:11.934544,2022-02-08 15:39:11.934544,1,96
192.168.64.1,224.0.0.251,5353,5353,udp,0,2022-02-08 15:39:17.527718,2022-02-08 15:39:17.527718,1,551
fe80::f84d:89ff:fe09:264,ff02::fb,5353,5353,udp,0,2022-02-08 15:39:17.527719,2022-02-08 15:39:17.527719,1,571
fe80::f84d:89ff:fe09:264,ff02::1,0,34304,ipv6-icmp,0,2022-02-08 15:39:32.156969,2022-02-08 15:39:32.156969,1,128
fe80::6c16:86ff:fe17:3d8e,ff02::16,0,36608,ipv6-icmp,0,2022-02-08 15:39:32.167257,2022-02-08 15:39:32.167257,1,96
fe80::6c16:86ff:fe17:3d8e,ff02::16,0,36608,ipv6-icmp,0,2022-02-08 15:39:32.639282,2022-02-08 15:39:32.639282,1,96
192.168.64.1,224.0.0.251,5353,5353,udp,0,2022-02-08 15:39:37.609554,2022-02-08 15:39:37.609554,1,654
fe80::f84d:89ff:fe09:264,ff02::fb,5353,5353,udp,0,2022-02-08 15:39:37.609554,2022-02-08 15:39:37.609554,1,674
192.168.64.1,224.0.0.251,5353,5353,udp,0,2022-02-08 15:39:37.609994,2022-02-08 15:39:37.609994,1,145
fe80::f84d:89ff:fe09:264,ff02::fb,5353,5353,udp,0,2022-02-08 15:39:37.609994,2022-02-08 15:39:37.609994,1,165
192.168.64.1,224.0.0.251,5353,5353,udp,0,2022-02-08 15:39:37.860542,2022-02-08 15:39:37.860542,1,286
fe80::f84d:89ff:fe09:264,ff02::fb,5353,5353,udp,0,2022-02-08 15:39:37.860542,2022-02-08 15:39:37.860542,1,306
192.168.64.1,224.0.0.251,5353,5353,udp,0,2022-02-08 15:39:38.112923,2022-02-08 15:39:38.112923,1,286
fe80::f84d:89ff:fe09:264,ff02::fb,5353,5353,udp,0,2022-02-08 15:39:38.112924,2022-02-08 15:39:38.112924,1,306
192.168.64.1,224.0.0.251,5353,5353,udp,0,2022-02-08 15:39:38.363203,2022-02-08 15:39:38.363203,1,1308
fe80::f84d:89ff:fe09:264,ff02::fb,5353,5353,udp,0,2022-02-08 15:39:38.363204,2022-02-08 15:39:38.363204,1,1328
192.168.64.1,224.0.0.251,5353,5353,udp,0,2022-02-08 15:39:38.611956,2022-02-08 15:39:38.611956,1,145
fe80::f84d:89ff:fe09:264,ff02::fb,5353,5353,udp,0,2022-02-08 15:39:38.612160,2022-02-08 15:39:38.612160,1,165
192.168.64.1,224.0.0.251,5353,5353,udp,0,2022-02-08 15:39:38.613899,2022-02-08 15:39:38.613899,1,551
fe80::f84d:89ff:fe09:264,ff02::fb,5353,5353,udp,0,2022-02-08 15:39:38.613899,2022-02-08 15:39:38.613899,1,571
192.168.64.1,224.0.0.251,5353,5353,udp,0,2022-02-08 15:39:39.364040,2022-02-08 15:39:39.364040,1,1308
fe80::f84d:89ff:fe09:264,ff02::fb,5353,5353,udp,0,2022-02-08 15:39:39.364041,2022-02-08 15:39:39.364041,1,1328
192.168.64.1,224.0.0.251,5353,5353,udp,0,2022-02-08 15:39:40.613472,2022-02-08 15:39:40.613472,1,1336
fe80::f84d:89ff:fe09:264,ff02::fb,5353,5353,udp,0,2022-02-08 15:39:40.613472,2022-02-08 15:39:40.613472,1,1356
192.168.64.1,224.0.0.251,5353,5353,udp,0,2022-02-08 15:39:41.620755,2022-02-08 15:39:41.620755,1,551
fe80::f84d:89ff:fe09:264,ff02::fb,5353,5353,udp,0,2022-02-08 15:39:41.620755,2022-02-08 15:39:41.620755,1,571
192.168.64.1,224.0.0.251,5353,5353,udp,0,2022-02-08 15:39:44.670086,2022-02-08 15:39:44.670086,1,1336
fe80::f84d:89ff:fe09:264,ff02::fb,5353,5353,udp,0,2022-02-08 15:39:44.670086,2022-02-08 15:39:44.670086,1,1356
192.168.64.1,224.0.0.251,5353,5353,udp,0,2022-02-08 15:39:50.641059,2022-02-08 15:39:50.641059,1,551
fe80::f84d:89ff:fe09:264,ff02::fb,5353,5353,udp,0,2022-02-08 15:39:50.641060,2022-02-08 15:39:50.641060,1,571
fe80::f84d:89ff:fe09:264,ff02::fb,5353,5353,udp,0,2022-02-08 15:40:17.696163,2022-02-08 15:40:17.696163,1,571
192.168.64.1,224.0.0.251,5353,5353,udp,0,2022-02-08 15:40:17.696163,2022-02-08 15:40:17.696163,1,551
fe80::f84d:89ff:fe09:264,ff02::1,0,34304,ipv6-icmp,0,2022-02-08 15:40:18.230092,2022-02-08 15:40:18.230092,1,128
fe80::6c16:86ff:fe17:3d8e,ff02::16,0,36608,ipv6-icmp,0,2022-02-08 15:40:18.243335,2022-02-08 15:40:18.243335,1,96
fe80::6c16:86ff:fe17:3d8e,ff02::16,0,36608,ipv6-icmp,0,2022-02-08 15:40:18.783224,2022-02-08 15:40:18.783224,1,96
192.168.64.1,224.0.0.251,5353,5353,udp,0,2022-02-08 15:41:05.744909,2022-02-08 15:41:05.744909,1,522
fe80::f84d:89ff:fe09:264,ff02::fb,5353,5353,udp,0,2022-02-08 15:41:05.744909,2022-02-08 15:41:05.744909,1,542
fe80::f84d:89ff:fe09:264,ff02::1,0,34304,ipv6-icmp,0,2022-02-08 15:41:41.242507,2022-02-08 15:41:41.242507,1,128
fe80::6c16:86ff:fe17:3d8e,ff02::16,0,36608,ipv6-icmp,0,2022-02-08 15:41:41.255146,2022-02-08 15:41:41.255146,1,96
fe80::6c16:86ff:fe17:3d8e,ff02::16,0,36608,ipv6-icmp,0,2022-02-08 15:41:42.017099,2022-02-08 15:41:42.017099,1,96
fe80::f84d:89ff:fe09:264,ff02::1,0,34304,ipv6-icmp,0,2022-02-08 15:43:46.300371,2022-02-08 15:43:46.300371,1,128
fe80::6c16:86ff:fe17:3d8e,ff02::16,0,36608,ipv6-icmp,0,2022-02-08 15:43:46.311070,2022-02-08 15:43:46.311070,1,96
fe80::6c16:86ff:fe17:3d8e,ff02::16,0,36608,ipv6-icmp,0,2022-02-08 15:43:47.039872,2022-02-08 15:43:47.039872,1,96
192.168.64.3,91.189.94.4,43147,123,udp,16,2022-02-08 15:44:12.027156,2022-02-08 15:44:12.027156,1,76
91.189.94.4,192.168.64.3,123,43147,udp,24,2022-02-08 15:44:12.166462,2022-02-08 15:44:12.166462,1,76
192.168.64.1,224.0.0.251,5353,5353,udp,0,2022-02-08 15:49:56.759220,2022-02-08 15:49:56.759220,1,115
fe80::f84d:89ff:fe09:264,ff02::fb,5353,5353,udp,0,2022-02-08 15:49:56.759220,2022-02-08 15:49:56.759220,1,135
192.168.64.1,224.0.0.251,5353,5353,udp,0,2022-02-08 15:49:57.759548,2022-02-08 15:49:57.759548,1,115
fe80::f84d:89ff:fe09:264,ff02::fb,5353,5353,udp,0,2022-02-08 15:49:57.759548,2022-02-08 15:49:57.759548,1,135
192.168.64.1,224.0.0.251,5353,5353,udp,0,2022-02-08 15:49:59.766201,2022-02-08 15:49:59.766201,1,115
fe80::f84d:89ff:fe09:264,ff02::fb,5353,5353,udp,0,2022-02-08 15:49:59.766201,2022-02-08 15:49:59.766201,1,135
192.168.64.1,224.0.0.251,5353,5353,udp,0,2022-02-08 15:50:03.764657,2022-02-08 15:50:03.764657,1,115
fe80::f84d:89ff:fe09:264,ff02::fb,5353,5353,udp,0,2022-02-08 15:50:03.764658,2022-02-08 15:50:03.764658,1,135
192.168.64.3,91.189.94.4,58013,123,udp,16,2022-02-08 15:50:22.911724,2022-02-08 15:50:22.911724,1,76
91.189.94.4,192.168.64.3,123,58013,udp,24,2022-02-08 15:50:23.046817,2022-02-08 15:50:23.046817,1,76
192.168.64.1,224.0.0.251,5353,5353,udp,0,2022-02-08 15:50:47.873020,2022-02-08 15:50:47.873020,1,522
fe80::f84d:89ff:fe09:264,ff02::fb,5353,5353,udp,0,2022-02-08 15:50:47.873021,2022-02-08 15:50:47.873021,1,542
fe80::f84d:89ff:fe09:264,ff02::1,0,34304,ipv6-icmp,0,2022-02-08 15:51:16.018486,2022-02-08 15:51:16.018486,1,128
fe80::6c16:86ff:fe17:3d8e,ff02::16,0,36608,ipv6-icmp,0,2022-02-08 15:51:16.029136,2022-02-08 15:51:16.029136,1,96
fe80::6c16:86ff:fe17:3d8e,ff02::16,0,36608,ipv6-icmp,0,2022-02-08 15:51:16.818025,2022-02-08 15:51:16.818025,1,96
192.168.64.3,91.189.94.4,39837,123,udp,16,2022-02-08 15:51:27.163704,2022-02-08 15:51:27.163704,1,76
91.189.94.4,192.168.64.3,123,39837,udp,24,2022-02-08 15:51:27.301687,2022-02-08 15:51:27.301687,1,76
192.168.64.1,224.0.0.251,5353,5353,udp,0,2022-02-08 15:51:31.501670,2022-02-08 15:51:31.501670,1,138
fe80::f84d:89ff:fe09:264,ff02::fb,5353,5353,udp,0,2022-02-08 15:51:31.501671,2022-02-08 15:51:31.501671,1,158
192.168.64.1,224.0.0.251,5353,5353,udp,0,2022-02-08 15:51:32.725477,2022-02-08 15:51:32.725477,1,138
fe80::f84d:89ff:fe09:264,ff02::fb,5353,5353,udp,0,2022-02-08 15:51:32.725477,2022-02-08 15:51:32.725477,1,158
fd56:4e58:591f:1916:6c16:86ff:fe17:3d8e,ff02::fb,5353,5353,udp,0,2022-02-08 15:52:26.366107,2022-02-08 15:52:26.366107,1,88
192.168.64.3,224.0.0.251,5353,5353,udp,0,2022-02-08 15:52:26.366169,2022-02-08 15:52:26.366169,1,68
fd56:4e58:591f:1916:6c16:86ff:fe17:3d8e,ff02::fb,5353,5353,udp,0,2022-02-08 15:52:27.369477,2022-02-08 15:52:27.369477,1,88
192.168.64.3,224.0.0.251,5353,5353,udp,0,2022-02-08 15:52:27.369561,2022-02-08 15:52:27.369561,1,68
fd56:4e58:591f:1916:6c16:86ff:fe17:3d8e,ff02::fb,5353,5353,udp,0,2022-02-08 15:52:29.371868,2022-02-08 15:52:29.371868,1,88
192.168.64.3,224.0.0.251,5353,5353,udp,0,2022-02-08 15:52:29.371905,2022-02-08 15:52:29.371905,1,68
fd56:4e58:591f:1916:6c16:86ff:fe17:3d8e,ff02::fb,5353,5353,udp,0,2022-02-08 15:52:33.375664,2022-02-08 15:52:33.375664,1,88
192.168.64.3,224.0.0.251,5353,5353,udp,0,2022-02-08 15:52:33.375702,2022-02-08 15:52:33.375702,1,68
fd56:4e58:591f:1916:6c16:86ff:fe17:3d8e,ff02::fb,5353,5353,udp,0,2022-02-08 15:52:41.384813,2022-02-08 15:52:41.384813,1,88
192.168.64.3,224.0.0.251,5353,5353,udp,0,2022-02-08 15:52:41.384853,2022-02-08 15:52:41.384853,1,68
192.168.64.1,224.0.0.251,5353,5353,udp,0,2022-02-08 15:52:49.135657,2022-02-08 15:52:49.135657,1,248
fe80::f84d:89ff:fe09:264,ff02::fb,5353,5353,udp,0,2022-02-08 15:52:49.135657,2022-02-08 15:52:49.135657,1,268
192.168.64.1,224.0.0.251,5353,5353,udp,0,2022-02-08 15:52:50.139138,2022-02-08 15:52:50.139138,1,248
fe80::f84d:89ff:fe09:264,ff02::fb,5353,5353,udp,0,2022-02-08 15:52:50.140038,2022-02-08 15:52:50.140038,1,268
192.168.64.1,224.0.0.251,5353,5353,udp,0,2022-02-08 15:52:52.138804,2022-02-08 15:52:52.138804,1,248
fe80::f84d:89ff:fe09:264,ff02::fb,5353,5353,udp,0,2022-02-08 15:52:52.138804,2022-02-08 15:52:52.138804,1,268
192.168.64.1,224.0.0.251,5353,5353,udp,0,2022-02-08 15:52:56.140423,2022-02-08 15:52:56.140423,1,248
fe80::f84d:89ff:fe09:264,ff02::fb,5353,5353,udp,0,2022-02-08 15:52:56.140424,2022-02-08 15:52:56.140424,1,268
fd56:4e58:591f:1916:6c16:86ff:fe17:3d8e,ff02::fb,5353,5353,udp,0,2022-02-08 15:52:57.391349,2022-02-08 15:52:57.391349,1,88
192.168.64.3,224.0.0.251,5353,5353,udp,0,2022-02-08 15:52:57.391547,2022-02-08 15:52:57.391547,1,68
fe80::f84d:89ff:fe09:264,ff02::1,0,34304,ipv6-icmp,0,2022-02-08 15:53:28.090836,2022-02-08 15:53:28.090836,1,128
fe80::6c16:86ff:fe17:3d8e,ff02::16,0,36608,ipv6-icmp,0,2022-02-08 15:53:28.105554,2022-02-08 15:53:28.105554,1,96
fe80::6c16:86ff:fe17:3d8e,ff02::16,0,36608,ipv6-icmp,0,2022-02-08 15:53:28.913489,2022-02-08 15:53:28.913489,1,96
fd56:4e58:591f:1916:6c16:86ff:fe17:3d8e,ff02::fb,5353,5353,udp,0,2022-02-08 15:53:29.398342,2022-02-08 15:53:29.398342,1,88
192.168.64.3,224.0.0.251,5353,5353,udp,0,2022-02-08 15:53:29.398550,2022-02-08 15:53:29.398550,1,68
192.168.64.3,91.189.94.4,49256,123,udp,16,2022-02-08 15:53:35.414078,2022-02-08 15:53:35.414078,1,76
91.189.94.4,192.168.64.3,123,49256,udp,24,2022-02-08 15:53:35.553278,2022-02-08 15:53:35.553278,1,76
fd56:4e58:591f:1916:6c16:86ff:fe17:3d8e,ff02::fb,5353,5353,udp,0,2022-02-08 15:54:33.464907,2022-02-08 15:54:33.464907,1,88
192.168.64.3,224.0.0.251,5353,5353,udp,0,2022-02-08 15:54:33.465045,2022-02-08 15:54:33.465045,1,68
fe80::f84d:89ff:fe09:264,ff02::1,0,34304,ipv6-icmp,0,2022-02-08 15:55:05.143337,2022-02-08 15:55:05.143337,1,128
fe80::6c16:86ff:fe17:3d8e,ff02::16,0,36608,ipv6-icmp,0,2022-02-08 15:55:05.153804,2022-02-08 15:55:05.153804,1,96
fe80::6c16:86ff:fe17:3d8e,ff02::16,0,36608,ipv6-icmp,0,2022-02-08 15:55:05.398055,2022-02-08 15:55:05.398055,1,96
fe80::f84d:89ff:fe09:264,ff02::1,0,34304,ipv6-icmp,0,2022-02-08 15:56:06.205316,2022-02-08 15:56:06.205316,1,128
fe80::6c16:86ff:fe17:3d8e,ff02::16,0,36608,ipv6-icmp,0,2022-02-08 15:56:06.217702,2022-02-08 15:56:06.217702,1,96
fe80::6c16:86ff:fe17:3d8e,ff02::16,0,36608,ipv6-icmp,0,2022-02-08 15:56:06.448542,2022-02-08 15:56:06.448542,1,96
192.168.64.1,192.168.64.255,137,137,udp,0,2022-02-08 15:56:32.411678,2022-02-08 15:56:32.411678,1,96
192.168.64.1,224.0.0.251,5353,5353,udp,0,2022-02-08 15:56:37.427873,2022-02-08 15:56:37.427873,1,290
fe80::f84d:89ff:fe09:264,ff02::fb,5353,5353,udp,0,2022-02-08 15:56:37.427874,2022-02-08 15:56:37.427874,1,310
192.168.64.1,224.0.0.251,5353,5353,udp,0,2022-02-08 15:56:39.605927,2022-02-08 15:56:39.605927,1,645
fe80::f84d:89ff:fe09:264,ff02::fb,5353,5353,udp,0,2022-02-08 15:56:39.605927,2022-02-08 15:56:39.605927,1,665
192.168.64.1,224.0.0.251,5353,5353,udp,0,2022-02-08 15:56:39.606164,2022-02-08 15:56:39.606164,1,415
fe80::f84d:89ff:fe09:264,ff02::fb,5353,5353,udp,0,2022-02-08 15:56:39.606164,2022-02-08 15:56:39.606164,1,435
192.168.64.1,192.168.64.255,137,137,udp,0,2022-02-08 15:56:39.630540,2022-02-08 15:56:39.630540,2,174
192.168.64.1,224.0.0.251,5353,5353,udp,0,2022-02-08 15:56:39.855904,2022-02-08 15:56:39.855904,1,286
fe80::f84d:89ff:fe09:264,ff02::fb,5353,5353,udp,0,2022-02-08 15:56:39.855904,2022-02-08 15:56:39.855904,1,306
192.168.64.1,224.0.0.251,5353,5353,udp,0,2022-02-08 15:56:40.086520,2022-02-08 15:56:40.086520,1,645
fe80::f84d:89ff:fe09:264,ff02::fb,5353,5353,udp,0,2022-02-08 15:56:40.086522,2022-02-08 15:56:40.086522,2,830
192.168.64.1,224.0.0.251,5353,5353,udp,0,2022-02-08 15:56:40.086522,2022-02-08 15:56:40.086522,1,145
192.168.64.1,224.0.0.251,5353,5353,udp,0,2022-02-08 15:56:40.187105,2022-02-08 15:56:40.187105,1,171
fe80::f84d:89ff:fe09:264,ff02::fb,5353,5353,udp,0,2022-02-08 15:56:40.187105,2022-02-08 15:56:40.187105,1,191
192.168.64.1,224.0.0.251,5353,5353,udp,0,2022-02-08 15:56:40.336942,2022-02-08 15:56:40.336942,1,286
fe80::f84d:89ff:fe09:264,ff02::fb,5353,5353,udp,0,2022-02-08 15:56:40.337004,2022-02-08 15:56:40.337004,1,306
192.168.64.1,224.0.0.251,5353,5353,udp,0,2022-02-08 15:56:40.437887,2022-02-08 15:56:40.437887,1,171
fe80::f84d:89ff:fe09:264,ff02::fb,5353,5353,udp,0,2022-02-08 15:56:40.438079,2022-02-08 15:56:40.438079,1,191
192.168.64.1,224.0.0.251,5353,5353,udp,0,2022-02-08 15:56:40.588199,2022-02-08 15:56:40.588199,1,286
fe80::f84d:89ff:fe09:264,ff02::fb,5353,5353,udp,0,2022-02-08 15:56:40.588199,2022-02-08 15:56:40.588199,1,306
192.168.64.1,224.0.0.251,5353,5353,udp,0,2022-02-08 15:56:40.619692,2022-02-08 15:56:40.619692,1,415
fe80::f84d:89ff:fe09:264,ff02::fb,5353,5353,udp,0,2022-02-08 15:56:40.619747,2022-02-08 15:56:40.619747,1,435
192.168.64.1,224.0.0.251,5353,5353,udp,0,2022-02-08 15:56:40.690228,2022-02-08 15:56:40.690228,1,623
fe80::f84d:89ff:fe09:264,ff02::fb,5353,5353,udp,0,2022-02-08 15:56:40.690316,2022-02-08 15:56:40.690316,1,643
192.168.64.1,224.0.0.251,5353,5353,udp,0,2022-02-08 15:56:40.840081,2022-02-08 15:56:40.840081,1,1216
fe80::f84d:89ff:fe09:264,ff02::fb,5353,5353,udp,0,2022-02-08 15:56:40.840081,2022-02-08 15:56:40.840081,1,1236
192.168.64.1,224.0.0.251,5353,5353,udp,0,2022-02-08 15:56:40.940259,2022-02-08 15:56:40.940259,1,185
fe80::f84d:89ff:fe09:264,ff02::fb,5353,5353,udp,0,2022-02-08 15:56:40.940259,2022-02-08 15:56:40.940259,1,205
192.168.64.1,192.168.64.255,137,137,udp,0,2022-02-08 15:56:41.127628,2022-02-08 15:56:41.127628,1,78
192.168.64.1,192.168.64.255,137,137,udp,0,2022-02-08 15:56:41.127966,2022-02-08 15:56:41.127966,1,96
192.168.64.1,192.168.64.255,137,137,udp,0,2022-02-08 15:56:41.128044,2022-02-08 15:56:41.128044,1,78
